{"cameraMode":{"drawMode":0,"name":"Shaded","section":"Shading Mode"},"sceneLighting":true,"audioPlay":false,"sceneViewState":{"m_AlwaysRefresh":false,"showFog":true,"showSkybox":true,"showFlares":true,"showImageEffects":true,"showParticleSystems":true,"showVisualEffectGraphs":true,"m_FxEnabled":true},"in2DMode":false,"pivot":{"x":-0.5387438535690308,"y":0.873943030834198,"z":5.450888156890869},"rotation":{"x":-0.009115828201174736,"y":0.9771549105644226,"z":-0.042836882174015048,"w":-0.20796698331832887},"size":2.4148812294006349,"orthographic":false}