{"cameraMode":{"drawMode":0,"name":"Shaded","section":"Shading Mode"},"sceneLighting":true,"audioPlay":false,"sceneViewState":{"m_AlwaysRefresh":false,"showFog":true,"showSkybox":true,"showFlares":true,"showImageEffects":true,"showParticleSystems":true,"showVisualEffectGraphs":true,"m_FxEnabled":true},"in2DMode":false,"pivot":{"x":-12.582559585571289,"y":7.276010513305664,"z":31.663787841796876},"rotation":{"x":-0.06040486693382263,"y":-0.938670814037323,"z":0.2606925964355469,"w":-0.21751351654529572},"size":0.03616555407643318,"orthographic":false}